URL,Missing Schemas,Severity
https://www.drsayuj.info,BreadcrumbList,Medium
https://www.drsayuj.info/appointments,BreadcrumbList,Medium
https://www.drsayuj.info/services,BreadcrumbList,Medium
https://www.drsayuj.info/conditions,BreadcrumbList,Medium
https://www.drsayuj.info/locations,MedicalClinic,Medium
https://www.drsayuj.info/best-neurosurgeon-in-hyderabad,MedicalClinic,Medium
https://www.drsayuj.info/brain-surgery,BreadcrumbList,Medium
https://www.drsayuj.info/spine-surgery,BreadcrumbList,Medium
https://www.drsayuj.info/services/endoscopic-discectomy-hyderabad,BreadcrumbList,Medium
https://www.drsayuj.info/services/spinal-fusion-surgery-hyderabad,BreadcrumbList,Medium
https://www.drsayuj.info/services/epilepsy-surgery-hyderabad,BreadcrumbList,Medium
https://www.drsayuj.info/services/peripheral-nerve-surgery-hyderabad,BreadcrumbList,Medium
https://www.drsayuj.info/conditions/slip-disc-treatment-hyderabad,BreadcrumbList,Medium
https://www.drsayuj.info/conditions/sciatica-pain-treatment-hyderabad,BreadcrumbList,Medium
https://www.drsayuj.info/conditions/spinal-stenosis-treatment-hyderabad,BreadcrumbList,Medium
https://www.drsayuj.info/conditions/spondylolisthesis-treatment-hyderabad,BreadcrumbList,Medium
https://www.drsayuj.info/conditions/scoliosis-treatment-hyderabad,BreadcrumbList,Medium
https://www.drsayuj.info/conditions/trigeminal-neuralgia-treatment-hyderabad,BreadcrumbList,Medium
https://www.drsayuj.info/neurosurgeon-malakpet,"MedicalClinic, BreadcrumbList",Medium
https://www.drsayuj.info/neurosurgeon-hyderabad,"MedicalClinic, BreadcrumbList",Medium
https://www.drsayuj.info/neurosurgeon-jubilee-hills,"MedicalClinic, BreadcrumbList",Medium
https://www.drsayuj.info/neurosurgeon-banjara-hills,"MedicalClinic, BreadcrumbList",Medium
https://www.drsayuj.info/neurosurgeon-hitech-city,"MedicalClinic, BreadcrumbList",Medium
https://www.drsayuj.info/neurosurgeon-gachibowli,"MedicalClinic, BreadcrumbList",Medium
https://www.drsayuj.info/neurosurgeon-secunderabad,"MedicalClinic, BreadcrumbList",Medium
https://www.drsayuj.info/locations/lb-nagar,"MedicalClinic, BreadcrumbList",Medium
https://www.drsayuj.info/locations/neurosurgeon-kondapur,"MedicalClinic, BreadcrumbList",Medium
https://www.drsayuj.info/locations/neurosurgeon-kothapet,"MedicalClinic, BreadcrumbList",Medium
https://www.drsayuj.info/locations/neurosurgeon-kukatpally,"MedicalClinic, BreadcrumbList",Medium
https://www.drsayuj.info/locations/neurosurgeon-manikonda,"MedicalClinic, BreadcrumbList",Medium
https://www.drsayuj.info/locations/neurosurgeon-nizampet,"MedicalClinic, BreadcrumbList",Medium
https://www.drsayuj.info/locations/neurosurgeon-madhapur,"MedicalClinic, BreadcrumbList",Medium
https://www.drsayuj.info/locations/neurosurgeon-near-jubilee-hills-faq,"MedicalClinic, BreadcrumbList",Medium
https://www.drsayuj.info/locations/neurosurgeon-near-kachiguda-faq,"MedicalClinic, BreadcrumbList",Medium
https://www.drsayuj.info/locations/neurosurgeon-near-kondapur-faq,"MedicalClinic, BreadcrumbList",Medium
https://www.drsayuj.info/blog/trigeminal-neuralgia-vs-tooth-pain-guide,"Physician, BreadcrumbList",Medium
https://www.drsayuj.info/blog/sciatica-vs-normal-back-pain-guide,"Physician, BreadcrumbList",Medium
https://www.drsayuj.info/blog/cost-of-endoscopic-spine-surgery-hyderabad,"Physician, BreadcrumbList",Medium
https://www.drsayuj.info/blog/understanding-mri-spine-report-guide,"Physician, BreadcrumbList",Medium
https://www.drsayuj.info/blog/neuroplasticity-brain-recovery-hyderabad,"Physician, BreadcrumbList",Medium
https://www.drsayuj.info/blog/carpal-tunnel-vs-cervical-radiculopathy-hyderabad,"Physician, BreadcrumbList",Medium
https://www.drsayuj.info/knowledge-base,"Physician, BreadcrumbList",Medium
https://www.drsayuj.info/blog,"Physician, BreadcrumbList",Medium
https://www.drsayuj.info/patient-stories,BreadcrumbList,Medium
https://www.drsayuj.info/research,BreadcrumbList,Medium
https://www.drsayuj.info/media,"Physician, BreadcrumbList",Medium
https://www.drsayuj.info/technology-facilities,BreadcrumbList,Medium
https://www.drsayuj.info/privacy,BreadcrumbList,Medium
https://www.drsayuj.info/cookies,BreadcrumbList,Medium
https://www.drsayuj.info/terms,BreadcrumbList,Medium
https://www.drsayuj.info/disclaimer,BreadcrumbList,Medium
https://www.drsayuj.info/medical-disclaimer,BreadcrumbList,Medium
https://www.drsayuj.info/content-integrity,BreadcrumbList,Medium
https://www.drsayuj.info/editorial-policy,BreadcrumbList,Medium
