URL,Issue,Severity,Details
https://www.drsayuj.info/,Canonical Mismatch,Medium,Canonical points to https://www.drsayuj.info
https://www.drsayuj.info/about#credentials,Canonical Mismatch,Medium,Canonical points to https://www.drsayuj.info/about
https://www.drsayuj.info/best-neurosurgeon-in-hyderabad,Canonical Mismatch,Medium,Canonical points to https://www.drsayuj.info/best-neurosurgeon-in-hyderabad/
https://www.drsayuj.info/services,Canonical Mismatch,Medium,Canonical points to https://www.drsayuj.info/services/
https://www.drsayuj.info/disease-guides,Canonical Mismatch,Medium,Canonical points to https://www.drsayuj.info/disease-guides/
https://www.drsayuj.info/emergency-rehabilitation,Canonical Mismatch,Medium,Canonical points to https://www.drsayuj.info/emergency-rehabilitation/
https://www.drsayuj.info/conditions/sciatica-pain-treatment-hyderabad,Canonical Mismatch,Medium,Canonical points to https://www.drsayuj.info/conditions/sciatica-pain-treatment-hyderabad/
https://www.drsayuj.info/conditions/spinal-stenosis-treatment-hyderabad,Canonical Mismatch,Medium,Canonical points to https://www.drsayuj.info/conditions/spinal-stenosis-treatment-hyderabad/
https://www.drsayuj.info/conditions/slip-disc-treatment-hyderabad,Canonical Mismatch,Medium,Canonical points to https://www.drsayuj.info/conditions/slip-disc-treatment-hyderabad/
https://www.drsayuj.info/appointments?utm_source=site&utm_medium=cta&utm_campaign=footer_nap,Canonical Mismatch,Medium,Canonical points to https://www.drsayuj.info/appointments
https://www.drsayuj.info/locations?utm_source=site&utm_medium=cta&utm_campaign=footer_nap,Canonical Mismatch,Medium,Canonical points to https://www.drsayuj.info/locations
https://www.drsayuj.info/blog/does-endoscopic-spine-surgery-work-for-sciatica-hyderabad,Canonical Mismatch,Medium,Canonical points to https://www.drsayuj.info/blog/does-endoscopic-spine-surgery-work-for-sciatica-hyderabad/
https://www.drsayuj.info/blog/when-to-worry-about-back-pain-neurosurgeon-hyderabad,Canonical Mismatch,Medium,Canonical points to https://www.drsayuj.info/blog/when-to-worry-about-back-pain-neurosurgeon-hyderabad/
https://www.drsayuj.info/technology-facilities,Canonical Mismatch,Medium,Canonical points to https://www.drsayuj.info/technology-facilities/
https://www.drsayuj.info/disease-guides/degenerative-disc-disease,Canonical Mismatch,Medium,Canonical points to https://www.drsayuj.info/disease-guides/degenerative-disc-disease/
https://www.drsayuj.info/specializations,Canonical Mismatch,Medium,Canonical points to https://www.drsayuj.info/services/
https://www.drsayuj.info/appointments?utm_source=seo&utm_medium=page&utm_campaign=tn_condition,Canonical Mismatch,Medium,Canonical points to https://www.drsayuj.info/appointments
https://www.drsayuj.info/appointments?utm_source=site&utm_medium=cta&utm_campaign=nap_block,Canonical Mismatch,Medium,Canonical points to https://www.drsayuj.info/appointments
https://www.drsayuj.info/conditions/a-z/acoustic-neuroma,Canonical Mismatch,Medium,Canonical points to https://www.drsayuj.info/conditions/acoustic-neuroma-treatment-hyderabad
https://www.drsayuj.info/conditions/a-z/brachial-plexus,Canonical Mismatch,Medium,Canonical points to https://www.drsayuj.info/services/peripheral-nerve-surgery-hyderabad
https://www.drsayuj.info/conditions/a-z/aneurysm,Canonical Mismatch,Medium,Canonical points to https://www.drsayuj.info/conditions/brain-aneurysm-treatment-hyderabad
https://www.drsayuj.info/conditions/a-z/brain-tumor,Canonical Mismatch,Medium,Canonical points to https://www.drsayuj.info/services/brain-tumor-surgery-hyderabad
https://www.drsayuj.info/conditions/a-z/carpal-tunnel,Canonical Mismatch,Medium,Canonical points to https://www.drsayuj.info/conditions/carpal-tunnel-syndrome-hyderabad
https://www.drsayuj.info/conditions/a-z/cervical-disc,Canonical Mismatch,Medium,Canonical points to https://www.drsayuj.info/conditions/cervical-radiculopathy-treatment-hyderabad
https://www.drsayuj.info/conditions/a-z/cervical-myelopathy,Canonical Mismatch,Medium,Canonical points to https://www.drsayuj.info/services/cervical-spine-surgery-hyderabad
https://www.drsayuj.info/conditions/a-z/chiari-malformation,Canonical Mismatch,Medium,Canonical points to https://www.drsayuj.info/conditions/chiari-malformation-hyderabad
https://www.drsayuj.info/conditions/a-z/degenerative-disc-disease,Canonical Mismatch,Medium,Canonical points to https://www.drsayuj.info/disease-guides/degenerative-disc-disease
https://www.drsayuj.info/conditions/a-z/disc-herniation,Canonical Mismatch,Medium,Canonical points to https://www.drsayuj.info/conditions/herniated-disc-treatment-hyderabad
https://www.drsayuj.info/conditions/a-z/epilepsy,Canonical Mismatch,Medium,Canonical points to https://www.drsayuj.info/services/epilepsy-surgery-hyderabad
https://www.drsayuj.info/conditions/a-z/glioma,Canonical Mismatch,Medium,Canonical points to https://www.drsayuj.info/services/brain-tumor-surgery-hyderabad
https://www.drsayuj.info/conditions/a-z/hydrocephalus,Canonical Mismatch,Medium,Canonical points to https://www.drsayuj.info/services/brain-tumor-surgery-hyderabad
https://www.drsayuj.info/conditions/a-z/lumbar-stenosis,Canonical Mismatch,Medium,Canonical points to https://www.drsayuj.info/conditions/spinal-stenosis-treatment-hyderabad/
https://www.drsayuj.info/conditions/a-z/meningioma,Canonical Mismatch,Medium,Canonical points to https://www.drsayuj.info/services/brain-tumor-surgery-hyderabad
https://www.drsayuj.info/conditions/a-z/metastasis,Canonical Mismatch,Medium,Canonical points to https://www.drsayuj.info/services/brain-tumor-surgery-hyderabad
https://www.drsayuj.info/conditions/a-z/normal-pressure-hydrocephalus,Canonical Mismatch,Medium,Canonical points to https://www.drsayuj.info/services/brain-tumor-surgery-hyderabad
https://www.drsayuj.info/conditions/a-z/pituitary-adenoma,Canonical Mismatch,Medium,Canonical points to https://www.drsayuj.info/conditions/pituitary-adenoma-hyderabad
https://www.drsayuj.info/conditions/a-z/radiculopathy,Canonical Mismatch,Medium,Canonical points to https://www.drsayuj.info/conditions/cervical-radiculopathy-treatment-hyderabad
https://www.drsayuj.info/conditions/a-z/sciatica,Canonical Mismatch,Medium,Canonical points to https://www.drsayuj.info/conditions/sciatica-pain-treatment-hyderabad/
https://www.drsayuj.info/conditions/a-z/seizure-disorders,Canonical Mismatch,Medium,Canonical points to https://www.drsayuj.info/services/epilepsy-surgery-hyderabad
https://www.drsayuj.info/conditions/a-z/spinal-cord-tumour,Canonical Mismatch,Medium,Canonical points to https://www.drsayuj.info/services/minimally-invasive-spine-surgery
https://www.drsayuj.info/conditions/a-z/spondylolisthesis,Canonical Mismatch,Medium,Canonical points to https://www.drsayuj.info/conditions/spondylolisthesis-treatment-hyderabad/
https://www.drsayuj.info/conditions/spondylolisthesis-treatment-hyderabad,Canonical Mismatch,Medium,Canonical points to https://www.drsayuj.info/conditions/spondylolisthesis-treatment-hyderabad/
https://www.drsayuj.info/conditions/a-z/trigeminal-neuralgia,Canonical Mismatch,Medium,Canonical points to https://www.drsayuj.info/conditions/trigeminal-neuralgia-treatment-hyderabad
https://www.drsayuj.info/conditions/a-z/vascular-malformations,Canonical Mismatch,Medium,Canonical points to https://www.drsayuj.info/services/brain-tumor-surgery-hyderabad
https://www.drsayuj.info/blog/glioblastoma-multiforme-treatment-survival-guide-hyderabad,Canonical Mismatch,Medium,Canonical points to https://www.drsayuj.info/blog/glioblastoma-multiforme-treatment-survival-guide-hyderabad/
https://www.drsayuj.info/blog/tailbone-pain-coccydynia-treatment-hyderabad,Canonical Mismatch,Medium,Canonical points to https://www.drsayuj.info/blog/tailbone-pain-coccydynia-treatment-hyderabad/
https://www.drsayuj.info/blog/hemifacial-spasm-vs-eye-twitching-hyderabad,Canonical Mismatch,Medium,Canonical points to https://www.drsayuj.info/blog/hemifacial-spasm-vs-eye-twitching-hyderabad/
https://www.drsayuj.info/blog/endoscopic-pituitary-tumor-surgery-hyderabad,Canonical Mismatch,Medium,Canonical points to https://www.drsayuj.info/blog/endoscopic-pituitary-tumor-surgery-hyderabad/
https://www.drsayuj.info/blog/spine-injections-cost-risks-hyderabad-guide,Canonical Mismatch,Medium,Canonical points to https://www.drsayuj.info/blog/spine-injections-cost-risks-hyderabad-guide/
https://www.drsayuj.info/blog/sciatica-exercises-to-avoid-hyderabad,Canonical Mismatch,Medium,Canonical points to https://www.drsayuj.info/blog/sciatica-exercises-to-avoid-hyderabad/
https://www.drsayuj.info/blog/spinal-stenosis-vs-pad-leg-pain-guide,Canonical Mismatch,Medium,Canonical points to https://www.drsayuj.info/blog/spinal-stenosis-vs-pad-leg-pain-guide/
https://www.drsayuj.info/blog/is-spine-surgery-safe-risks-success-rates-hyderabad,Canonical Mismatch,Medium,Canonical points to https://www.drsayuj.info/blog/is-spine-surgery-safe-risks-success-rates-hyderabad/
https://www.drsayuj.info/blog/cervical-myelopathy-symptoms-warning-signs-hyderabad,Canonical Mismatch,Medium,Canonical points to https://www.drsayuj.info/blog/cervical-myelopathy-symptoms-warning-signs-hyderabad/
https://www.drsayuj.info/blog/spine-surgery-insurance-coverage-hyderabad,Canonical Mismatch,Medium,Canonical points to https://www.drsayuj.info/blog/spine-surgery-insurance-coverage-hyderabad/
https://www.drsayuj.info/blog/spondylolisthesis-treatment-guide-hyderabad,Canonical Mismatch,Medium,Canonical points to https://www.drsayuj.info/blog/spondylolisthesis-treatment-guide-hyderabad/
https://www.drsayuj.info/blog/failed-back-surgery-syndrome-treatment-hyderabad,Canonical Mismatch,Medium,Canonical points to https://www.drsayuj.info/blog/failed-back-surgery-syndrome-treatment-hyderabad/
https://www.drsayuj.info/blog/degenerative-disc-disease-guide-hyderabad,Canonical Mismatch,Medium,Canonical points to https://www.drsayuj.info/blog/degenerative-disc-disease-guide-hyderabad/
https://www.drsayuj.info/blog/lumbar-spondylosis-treatment-exercises-hyderabad,Canonical Mismatch,Medium,Canonical points to https://www.drsayuj.info/blog/lumbar-spondylosis-treatment-exercises-hyderabad/
https://www.drsayuj.info/blog/brain-aneurysm-vs-migraine-warning-signs-hyderabad,Canonical Mismatch,Medium,Canonical points to https://www.drsayuj.info/blog/brain-aneurysm-vs-migraine-warning-signs-hyderabad/
https://www.drsayuj.info/blog/scoliosis-treatment-options-in-hyderabad,Canonical Mismatch,Medium,Canonical points to https://www.drsayuj.info/blog/scoliosis-treatment-options-in-hyderabad/
https://www.drsayuj.info/blog/cervical-disc-replacement-vs-fusion-acdf-hyderabad,Canonical Mismatch,Medium,Canonical points to https://www.drsayuj.info/blog/cervical-disc-replacement-vs-fusion-acdf-hyderabad/
https://www.drsayuj.info/blog/chronic-subdural-hematoma-symptoms-elderly,Canonical Mismatch,Medium,Canonical points to https://www.drsayuj.info/blog/chronic-subdural-hematoma-symptoms-elderly/
https://www.drsayuj.info/blog/life-after-spinal-fusion-surgery-recovery-hyderabad,Canonical Mismatch,Medium,Canonical points to https://www.drsayuj.info/blog/life-after-spinal-fusion-surgery-recovery-hyderabad/
https://www.drsayuj.info/blog/sleeping-positions-for-sciatica-relief-guide,Canonical Mismatch,Medium,Canonical points to https://www.drsayuj.info/blog/sleeping-positions-for-sciatica-relief-guide/
https://www.drsayuj.info/blog/types-of-spine-tumors-symptoms-guide,Canonical Mismatch,Medium,Canonical points to https://www.drsayuj.info/blog/types-of-spine-tumors-symptoms-guide/
https://www.drsayuj.info/blog/epilepsy-surgery-options-hyderabad,Canonical Mismatch,Medium,Canonical points to https://www.drsayuj.info/blog/epilepsy-surgery-options-hyderabad/
https://www.drsayuj.info/blog/cervical-radiculopathy-arm-pain-hyderabad,Canonical Mismatch,Medium,Canonical points to https://www.drsayuj.info/blog/cervical-radiculopathy-arm-pain-hyderabad/
https://www.drsayuj.info/blog/meningioma-brain-tumor-treatment-hyderabad,Canonical Mismatch,Medium,Canonical points to https://www.drsayuj.info/blog/meningioma-brain-tumor-treatment-hyderabad/
https://www.drsayuj.info/blog/l4-l5-disc-bulge-treatment-hyderabad,Canonical Mismatch,Medium,Canonical points to https://www.drsayuj.info/blog/l4-l5-disc-bulge-treatment-hyderabad/
https://www.drsayuj.info/blog/sciatica-exercises-for-office-workers-hyderabad,Canonical Mismatch,Medium,Canonical points to https://www.drsayuj.info/blog/sciatica-exercises-for-office-workers-hyderabad/
https://www.drsayuj.info/blog/spinal-tuberculosis-symptoms-treatment-hyderabad,Canonical Mismatch,Medium,Canonical points to https://www.drsayuj.info/blog/spinal-tuberculosis-symptoms-treatment-hyderabad/
https://www.drsayuj.info/blog/normal-pressure-hydrocephalus-nph-symptoms-treatment-hyderabad,Canonical Mismatch,Medium,Canonical points to https://www.drsayuj.info/blog/normal-pressure-hydrocephalus-nph-symptoms-treatment-hyderabad/
https://www.drsayuj.info/blog/sciatica-pain-relief-exercises-hyderabad,Canonical Mismatch,Medium,Canonical points to https://www.drsayuj.info/blog/sciatica-pain-relief-exercises-hyderabad/
https://www.drsayuj.info/blog/awake-craniotomy-brain-tumor-guide,Canonical Mismatch,Medium,Canonical points to https://www.drsayuj.info/blog/awake-craniotomy-brain-tumor-guide/
https://www.drsayuj.info/blog/cauda-equina-syndrome-warning-signs-hyderabad,Canonical Mismatch,Medium,Canonical points to https://www.drsayuj.info/blog/cauda-equina-syndrome-warning-signs-hyderabad/
https://www.drsayuj.info/blog/spondylolisthesis-vs-herniated-disc-difference,Canonical Mismatch,Medium,Canonical points to https://www.drsayuj.info/blog/spondylolisthesis-vs-herniated-disc-difference/
https://www.drsayuj.info/blog/understanding-brain-mri-tumor-report-guide,Canonical Mismatch,Medium,Canonical points to https://www.drsayuj.info/blog/understanding-brain-mri-tumor-report-guide/
https://www.drsayuj.info/blog/microdiscectomy-vs-laminectomy-recovery-comparison,Canonical Mismatch,Medium,Canonical points to https://www.drsayuj.info/blog/microdiscectomy-vs-laminectomy-recovery-comparison/
https://www.drsayuj.info/blog/awake-spine-surgery-vs-general-anesthesia-guide,Canonical Mismatch,Medium,Canonical points to https://www.drsayuj.info/blog/awake-spine-surgery-vs-general-anesthesia-guide/
https://www.drsayuj.info/blog/cervical-spondylosis-neck-pain-hyderabad,Canonical Mismatch,Medium,Canonical points to https://www.drsayuj.info/blog/cervical-spondylosis-neck-pain-hyderabad/
https://www.drsayuj.info/blog/endoscopic-spine-surgery-recovery-timeline,Canonical Mismatch,Medium,Canonical points to https://www.drsayuj.info/blog/endoscopic-spine-surgery-recovery-timeline/
https://www.drsayuj.info/blog/headache-vs-brain-tumor-warning-signs,Canonical Mismatch,Medium,Canonical points to https://www.drsayuj.info/blog/headache-vs-brain-tumor-warning-signs/
https://www.drsayuj.info/blog/lumbar-canal-stenosis-walking-pain-hyderabad,Canonical Mismatch,Medium,Canonical points to https://www.drsayuj.info/blog/lumbar-canal-stenosis-walking-pain-hyderabad/
https://www.drsayuj.info/blog/osteoporotic-spine-fracture-elderly-guide,Canonical Mismatch,Medium,Canonical points to https://www.drsayuj.info/blog/osteoporotic-spine-fracture-elderly-guide/
https://www.drsayuj.info/blog/trigeminal-neuralgia-vs-tooth-pain-guide,Canonical Mismatch,Medium,Canonical points to https://www.drsayuj.info/blog/trigeminal-neuralgia-vs-tooth-pain-guide/
https://www.drsayuj.info/blog/sciatica-vs-normal-back-pain-guide,Canonical Mismatch,Medium,Canonical points to https://www.drsayuj.info/blog/sciatica-vs-normal-back-pain-guide/
https://www.drsayuj.info/blog/cost-of-endoscopic-spine-surgery-hyderabad,Canonical Mismatch,Medium,Canonical points to https://www.drsayuj.info/blog/cost-of-endoscopic-spine-surgery-hyderabad/
https://www.drsayuj.info/blog/understanding-mri-spine-report-guide,Canonical Mismatch,Medium,Canonical points to https://www.drsayuj.info/blog/understanding-mri-spine-report-guide/
https://www.drsayuj.info/blog/neuroplasticity-brain-recovery-hyderabad,Canonical Mismatch,Medium,Canonical points to https://www.drsayuj.info/blog/neuroplasticity-brain-recovery-hyderabad/
https://www.drsayuj.info/blog/world-stroke-day-2025-hyderabad-stroke-code,Canonical Mismatch,Medium,Canonical points to https://www.drsayuj.info/blog/world-stroke-day-2025-hyderabad-stroke-code/
https://www.drsayuj.info/blog/carpal-tunnel-vs-cervical-radiculopathy-hyderabad,Canonical Mismatch,Medium,Canonical points to https://www.drsayuj.info/blog/carpal-tunnel-vs-cervical-radiculopathy-hyderabad/
https://www.drsayuj.info/blog/return-to-work-after-endoscopic-discectomy-hyderabad,Canonical Mismatch,Medium,Canonical points to https://www.drsayuj.info/blog/return-to-work-after-endoscopic-discectomy-hyderabad/
https://www.drsayuj.info/blog/endoscopic-vs-microdiscectomy-hyderabad,Canonical Mismatch,Medium,Canonical points to https://www.drsayuj.info/blog/endoscopic-vs-microdiscectomy-hyderabad/
https://www.drsayuj.info/blog/day-care-endoscopic-spine-surgery-eligibility,Canonical Mismatch,Medium,Canonical points to https://www.drsayuj.info/blog/day-care-endoscopic-spine-surgery-eligibility/
https://www.drsayuj.info/blog/mvd-vs-radiosurgery-trigeminal-neuralgia,Canonical Mismatch,Medium,Canonical points to https://www.drsayuj.info/blog/mvd-vs-radiosurgery-trigeminal-neuralgia/
https://www.drsayuj.info/blog/endoscopic-discectomy-cost-hyderabad,Canonical Mismatch,Medium,Canonical points to https://www.drsayuj.info/blog/endoscopic-discectomy-cost-hyderabad/
https://www.drsayuj.info/blog/endoscopic-spine-surgery-cost-hyderabad,Canonical Mismatch,Medium,Canonical points to https://www.drsayuj.info/blog/endoscopic-spine-surgery-cost-hyderabad/
https://www.drsayuj.info/conditions/osteoporotic-spine-fracture-hyderabad,Canonical Mismatch,Medium,Canonical points to https://www.drsayuj.info/conditions/osteoporotic-spine-fracture-hyderabad/
https://www.drsayuj.info/appointments?utm_source=seo&utm_medium=page&utm_campaign=spine_tumor_condition,Canonical Mismatch,Medium,Canonical points to https://www.drsayuj.info/appointments
https://www.drsayuj.info/appointments?utm_source=seo&utm_medium=page&utm_campaign=cervical_radiculopathy,Canonical Mismatch,Medium,Canonical points to https://www.drsayuj.info/appointments
https://www.drsayuj.info/appointments?utm_source=seo&utm_medium=page&utm_campaign=cervical_myelopathy,Canonical Mismatch,Medium,Canonical points to https://www.drsayuj.info/appointments
https://www.drsayuj.info/appointments?utm_source=seo&utm_medium=page&utm_campaign=brain_tumor_condition,Canonical Mismatch,Medium,Canonical points to https://www.drsayuj.info/appointments
https://www.drsayuj.info/brain-tumor-surgery,Canonical Mismatch,Medium,Canonical points to https://www.drsayuj.info/services/brain-tumor-surgery-hyderabad
